{"stats":{"minecraft:custom":{"minecraft:jump":43,"minecraft:open_chest":1,"minecraft:time_since_rest":153,"minecraft:play_one_minute":15934,"minecraft:damage_taken":285,"minecraft:leave_game":3,"minecraft:sprint_one_cm":8547,"minecraft:time_since_death":0,"minecraft:walk_one_cm":10173,"minecraft:deaths":3,"minecraft:sneak_time":4,"minecraft:fall_one_cm":478,"minecraft:fly_one_cm":6781},"minecraft:killed_by":{"minecraft:zombie":2,"minecraft:creeper":1},"minecraft:picked_up":{"minecraft:granite":5,"minecraft:cobblestone":1}},"DataVersion":2586}